Fecha ,Lote ,Origen,Variedad,Proceso,Beneficio ,Peso en Verde,Merma ,Peso en Tostado ,Perfil ,Temp. De inicio y final,Tiempo de tueste,Observaciones ,Tostador
10/08/2022,1-190722,Jerico ,Colombia ,Tradicional ,Lavado ,3,15.0,2.55,Filtrado,180°-190°,9:58,,AC
10/08/2022,1-190722,Jerico ,Colombia ,Tradicional ,Lavado ,3,15.0,2.55,Filtrado,180°-181°,8:32,,AC
20-09-2022,01-300822,Jerico ,Colombia ,Tradicional ,Lavado ,3,15.0,2.55,Filtrado,180°-190°,9:58,,AC
13-10-2022,01-131022,Jerico ,Colombia ,Tradicional ,Lavado ,93,16.7,77.5,Espresso,180°-195°,11:40,Epoca ,AC
18-10-2022,01-181022,Jerico ,Colombia ,Tradicional ,Lavado ,42,14.3,36,Filtrado,180°-192°,10.15,,LFQ
18-10-2022,05-181022,Jerico ,Colombia ,Tradicional ,Lavado ,43,16.3,36,Filtrado,180°-191°,9.50,,LFQ
18-11-22,01-181122,Jerico ,Colombia ,Tradicional ,Lavado ,13.2,14.4,11.3,Filtrado,180°-192°,9:10,,AC
18-11-22,06-181122,Jerico ,Colombia ,Tradicional ,Lavado ,13.2,14.4,11.3,Filtrado,180°-191°,9:05,,AC
21-11-22,01-211122,Jerico ,Colombia ,Tradicional ,Lavado ,37.8,17.5,31.2,Filtrado,180°-192°,9:25,,AC
28-11-22,01-281122,Jerico ,Colombia ,Tradicional ,Lavado ,86,18.6,70,Espresso,180° - 195° ,10:12,Epoca ,LFQ
28-11-22,01-281122,Jerico ,Colombia ,Tradicional ,Lavado ,48,16.7,40,Filtrado,180° - 192° ,9:52,Epoca ,LFQ
29-11-22,01-281122,Jerico ,Colombia ,Tradicional ,Lavado ,24,16.7,20,Filtrado,180° - 191° ,9:58,,LFQ
16-12-22,01-161222,Jerico ,Colombia ,Tradicional ,Lavado ,98,18.4,80,Espresso,180° - 196° ,10:12,Epoca ,LFQ
16-12-22,01-161222,Jerico ,Colombia ,Tradicional ,Lavado ,60,16.7,50,Filtrado,180° - 191° ,9:52,Epoca ,LFQ
16-12-22,01-161222,Jerico ,Colombia ,Tradicional ,Lavado ,12,16.7,10,Espresso,180° - 196° ,10:12,Raul ,LFQ
11-01-23,01-110123,Jerico ,Colombia ,Tradicional ,Lavado ,8,18.8,6.5,Filtrado,180° - 191° ,9:02,,AC
24-01-23,01-240123,Jerico ,Colombia ,Tradicional ,Lavado ,32.2,16.1,27,Filtrado,180° - 191° ,8:55,,AC
06-02-23,01-030223,Jerico ,Colombia ,Tradicional ,Lavado ,37.55,16.6,31.3,Espresso,180° - 195° ,9:27,Epoca,AC
16-02-23,01-160223,Jerico ,Colombia ,Tradicional ,Lavado ,72,16.7,60,Espresso,180° - 195° ,10:05,Epoca,AC
28-03-23,01-280323,Jerico ,Colombia ,Tradicional ,Lavado ,48,15.3,40.65,Filtrado,180°-190°,8.40,MEDELLIN,AC
29-03-23,01-290323,Jerico ,Colombia ,Tradicional ,Lavado ,50,17.0,41.5,Espresso,180° - 195° ,9:25,Primo Dani,AC
10-04-23,01-100423,Jerico ,Colombia ,Tradicional ,Lavado ,84,16.7,70,Filtrado,180°-191°,8:43,Epoca,AC
24-04-23,01-240423,Jerico ,Colombia ,Tradicional ,Lavado ,77.6,20.1,62,Filtrado,180°-191°,8:25,Epoca,AC
04-05-2023,01-040523,Jerico ,Colombia ,Tradicional ,Lavado ,31.6,17.1,26.2,Filtrado,180°-190°,8:44,Jericó,AC
15-06-2023,01-150623,Jerico ,Colombia ,Tradicional ,Lavado ,8.5,5.9,8,Filtrado,180°-190°,8.45,Jericó,A C
27-10-2023,01-271023,Jerico ,Colombia ,Tradicional ,Lavado ,15.6,15.7,13.15,Filtrado,180°-190°,9.36,Jericó,AC
10-01-2024,01-100124,Jerico ,Colombia ,Tradicional ,Lavado ,15,13.3,13,Filtrado,180°-190°,9.32,Jericó,AC
02-04-2024,01-020424,Jerico ,Colombia ,Tradicional ,Lavado ,14.5,16.6,12.1,Filtrado,180°-190°,9.36,Jericó,AC
20-06-2024,01-200624,Jerico ,Colombia ,Tradicional ,lavado ,10.7,13.6,9.25,Filtrado,180°-190°,9.28,Jericó,AC
18-07-2024,01-180724,Jerico ,Colombia ,Tradicional ,lavado ,15.65,15.7,13.2,Filtrado,180°-190°,9.30,Jericó,AC
22-07-22,01-190722,Jerico,Dos mil ,Tradicional,Lavado ,9,15,7.65,Filtrado ,175°/191°,8:01,,LFQ
25-07-22,01-190722,Jerico,Dos mil ,Tradicional,Lavado ,3,16.67,2.5,Espressso,175°/195°,8:42,,LFQ
25-07-22,01-190722,Jerico,Dos mil ,Tradicional,Lavado ,9,16.44,7.52,Filtrado ,175°/190°,7:58,,LFQ
28-07-22,01-190722,Jerico,Dos mil ,Tradicional,Lavado ,11.7,16.32,9.79,Filtrado ,175°/191°,8:02,,LFQ
28-07-22,09-190722,Ciudad Bolivar ,Tabi ,Natural ,Natural ,0.45,24.44,0.34,Filtrado ,150°/186°,8:10,,LFQ
28-07-22,07-190722,Jerico,Dos mil ,Tradicional,Lavado ,0.45,24.44,0.34,Filtrado ,150°/184°,8:04,,LFQ
31-07-22,01-190722,Jerico,Dos mil ,Tradicional,Lavado ,29,15.34,24.55,Filtrado ,175°/192° ,8:02,,LFQ
31-07-22,01-190722,Jerico,Dos mil ,Tradicional,Lavado ,3,16.33,2.51,Espressso,175°/196°,8:46,,LFQ
02-08-22,01-190722,Jerico,Dos mil ,Tradicional,Lavado ,6,16.67,5,Espressso,175°/195°,8:39,,LFQ
06-08-22,01-190722,Jerico,Dos mil ,Tradicional,Lavado ,12,15.83,10.1,Filtrado ,175°/191°,8:03,,LFQ
08-08-22,01-190722,Jerico,Dos mil ,Tradicional,Lavado ,84,16.67,70,Espressso,175°/196° ,8:45,,LFQ
08-08-22,09-190722,Ciudad Bolivar ,Tabi ,Natural ,Natural ,12,16.67,10,Filtrado ,175°/192° ,8:01,,LFQ
08-08-22,01-190722,Jerico,Dos mil ,Tradicional,Lavado ,42,16.67,35,Filtrado ,175°/193°,8:08,,LFQ
12-08-22,01-190722,Jerico,Dos mil ,Tradicional,Lavado ,29.1,16.29,24.36,Filtrado ,175°/192°,8:01,,LFQ
16-08-22,01-190722,Jerico,Dos mil ,Tradicional,Lavado ,6,16.67,5,Espressso,175°/196°,8:41,,LFQ
17-08-22,10-190722,Jerico,Caturra,Tradicional,Lavado ,24,16.67,20,Filtrado ,175°/192°,8:05,,LFQ
18-08-22,01-190722,Jerico,Dos mil ,Tradicional,Lavado ,6,16.67,5,Espressso,175°/196°,8:42,,LFQ
18-08-22,01-190722,Jerico,Dos mil ,Tradicional,Lavado ,36,15.28,30.5,Filtrado ,175°/192,8:05,,LFQ
22-08-22,01-190722,Jerico,Dos mil ,Tradicional,Lavado ,3,16.67,2.5,Espressso,175°/195°,8:52,,LFQ
29-8-22,01-190722,Jerico,Dos mil ,Tradicional,Lavado ,86,18.60,70,Espressso,175°/195°,8:51,,LFQ
29-8-22,01-190722,Jerico,Dos mil ,Tradicional,Lavado ,30,16.67,25,Filtrado ,175°/192° ,7:57,,LFQ
29-8-22,09-190722,Ciudad Bolivar ,Tabi ,Natural ,Natural ,6,16.67,5,Filtrado ,175°/191° ,7:48,,LFQ
30-8-22,01-190722,Jerico,Dos mil ,Tradicional,Lavado ,15,16.67,12.5,Filtrado ,175°/192°,7:58,,LFQ
31-8-22,01-190722,Jerico,Dos mil ,Tradicional,Lavado ,6,17.00,4.98,Espressso,175°/195°,8:42,,LFQ
2-9-22,01-190722,Jerico,Dos mil ,Tradicional,Lavado ,27.8,16.55,23.2,Filtrado ,175°/192°,8:05,,LFQ
6-9-22,01-190722,Jerico,Dos mil ,Tradicional,Lavado ,18,15.56,15.2,Filtrado ,175°/191°,8:06,,LFQ
13-9-22,01-190722,Jerico,Dos mil ,Tradicional,Lavado ,23.7,16.12,19.88,Filtrado ,175°/192° ,8:07,,LFQ
16-9-22,01-190722,Jerico,Dos mil ,Tradicional,Lavado ,25.5,18.27,20.84,Filtrado ,175°/192° ,8:01,,LFQ
16-9-22,01-190722,Jerico,Dos mil ,Tradicional,Lavado ,9.5,21.05,7.5,Espressso,175°/195,8:39,,LFQ
26-9-22,01-190722,Jerico,Dos mil ,Tradicional,Lavado ,86,18.60,70,Espressso,175°/196,8:38,,LFQ
26-9-22,01-190722,Jerico,Dos mil ,Tradicional,Lavado ,30,16.67,25,Filtrado ,175°/193°,8:12,,LFQ
26-9-22,10-190722,Jerico,Dos mil ,Tradicional,Lavado ,30,17.33,24.8,Filtrado ,175°/191°,8:10,,LFQ
26-9-22,09-190722,Ciudad Bolivar ,Tabi ,Natural ,Natural ,6,16.67,5,Filtrado ,175°/192°,8:02,,LFQ
29-9-22,01-190722,Jerico,Dos mil ,Tradicional,Lavado ,3,16.67,2.5,Filtrado ,175°/194°,8:04,,LFQ
29-9-22,10-190722,Jerico,Dos mil ,Tradicional,Lavado ,9,16.56,7.51,Filtrado ,175°/192°,8:05,,LFQ
03-10-22,01-190722,Jerico,Dos mil ,Tradicional,Lavado ,24,16.67,20,Filtrado ,175°/191°,8:00,,LFQ
03-10-22,10-190722,Jerico,Dos mil ,Tradicional,Lavado ,12,16.67,10,Filtrado ,175°/192°,8:02,,LFQ
5-10-22,01-190722,Jerico,Dos mil ,Tradicional,Lavado ,12,16.67,10,Filtrado ,175°/192°,8:06,,LFQ
5-10-22,01-190722,Jerico,Dos mil ,Tradicional,Lavado ,9.6,21.88,7.5,Espressso,175°/196°,8:51,,LFQ
13-10-22,01-190722,Jerico,Dos mil ,Tradicional,Lavado ,32,18.75,26,Filtrado ,175°/192,8:01,,LFQ
13-10-22,09-190722,Ciudad Bolivar ,Tabi ,Natural ,Natural ,18,16.67,15,Filtrado ,175°/191°,8:16,,LFQ
13-10-22,01-190722,Jerico,Dos mil ,Tradicional,Lavado ,42,16.67,35,Filtrado ,175°192°,8:15,,LFQ
13-10-22,01-190722,Jerico,Dos mil ,Tradicional,Lavado ,3.2,21.88,2.5,Espressso,175°/196°,9:01,,LFQ
15-10-22,01-190722,Jerico,Dos mil ,Tradicional,Lavado ,12,16.67,10,Filtrado ,175°/192°,8:02,,LFQ
24-10-22,01-190722,Jerico,Dos mil ,Tradicional,Lavado ,15,16.67,12.5,Filtrado ,175°/191°,8:02,,LFQ
27-10-22,01-190722,Jerico,Dos mil ,Tradicional,Lavado ,33,16.67,27.5,Filtrado ,175°/192°,8:10,,LFQ
2-11-22,01-291022,Jerico,Dos mil ,Tradicional,Lavado ,24,16.67,20,Filtrado ,175°/192°,8:01,,LFQ
8-11-22,09-190722,Ciudad Bolivar ,Tabi ,Natural ,Natural ,30,16.67,25,Filtrado ,175°/191°,8:16,,LFQ
8-11-22,01-291022,Jerico,Dos mil ,Tradicional,Lavado ,42,16.67,35,Filtrado ,175°/192°,8:12,,LFQ
8-11-22,01-291022,Jerico,Dos mil ,Tradicional,Lavado ,98,18.37,80,Espressso,175°/195°,8:45,,LFQ
10-11-22,01-291022,Jerico,Dos mil ,Tradicional,Lavado ,30,16.67,25,Filtrado ,175°/192°,8:17,,LFQ
10-11-22,01-291022,Jerico,Dos mil ,Tradicional,Lavado ,7.5,20.00,6,Espressso,175°/194°,8:47,,LFQ
11-11-22,01-291022,Jerico,Dos mil ,Tradicional,Lavado ,12,16.67,10,Filtrado ,175°/191°,8:15,,LFQ
18-11-22,01-291022,Jerico,Dos mil ,Tradicional,Lavado ,12,16.67,10,Filtrado ,175°/192°,8:08,,LFQ
21-11-22,01-291022,Jerico,Dos mil ,Tradicional,Lavado ,3,16.67,2.5,Espressso,175°/195°,8:14,,LFQ
29-11-22,09-190722,Ciudad Bolivar ,Tabi ,Natural ,Natural ,42,16.67,35,Filtrado ,175°/191°,8:16,,LFQ
4-12-22,01-291022,Jerico,Dos mil ,Tradicional,Lavado ,33,16.67,27.5,Filtrado ,175°/192°,8:14,,LFQ
4-12-22,08-241122,Jerico,Gesha ,Honey ,Honey ,3,13.33,2.6,Filtrado ,170°/189°,7:58,,LFQ
4-12-22,02-241122,Jerico,Dos mil ,Natural ,Natural ,6,13.33,5.2,Filtrado ,175°/190°,8:01,,LFQ
4-12-22,05-241122,Jerico,Dos mil ,Tradicional,Lavado ,6,13.33,5.2,Filtrado ,175°/191°,8:05,,LFQ
4-12-22,01-291022,Jerico,Dos mil ,Tradicional,Lavado ,6.2,19.35,5,Espressso,175°/195°,8:36,,LFQ
11-12-22,01-291022,Jerico,Dos mil ,Tradicional,Lavado ,30,16.67,25,Filtrado ,175°/192°,8:01,,LFQ
11-12-22,01-291022,Jerico,Dos mil ,Tradicional,Lavado ,6.2,19.35,5,Espressso,175°/195,8:45,,LFQ
14-12-22,01-291022,Jerico,Dos mil ,Tradicional,Lavado ,27,14.81,23,Filtrado ,175°/192°,8:05,,LFQ
18-12-22,01-291022,Jerico,Dos mil ,Tradicional,Lavado ,12,16.67,10,Filtrado ,175°/191°,8:01,,LFQ
22-12-22,01-291022,Jerico,Dos mil ,Tradicional,Lavado ,24,16.67,20,Filtrado ,175°/ 192°,8:06,,LFQ
22-12-22,01-291022,Jerico,Dos mil ,Tradicional,Lavado ,3,16.67,2.5,Espressso,175°/195°,8:45,,LFQ
22-12-22,08-241122,Jerico,Gesha ,Honey ,Honey ,3,14.00,2.58,Filtrado ,170°/189°,8:03,,LFQ
22-12-22,05-241122,Jerico,Dos mil ,Tradicional,Lavado ,3,15.33,2.54,Filtrado ,175°/191°,8:23,,LFQ
27-12-22,01-291022,Jerico,Dos mil ,Tradicional,Lavado ,3.2,15.63,2.7,Filtrado ,175°/ 192°,8:06,,LFQ
29-12-22,09-190722,Ciudad Bolivar ,Tabi ,Natural ,Natural ,62,19.35,50,Filtrado ,175°/191°,8:18,,LFQ
30-12-22,01-301222,Jerico ,Colombia ,Tradicional ,Lavado ,144,16.7,120,Espresso,175°/196°,8:26,,LFQ
30-12-22,01-301222,Jerico ,Colombia ,Tradicional ,Lavado ,84,16.7,70,Filtrado,175°/191°,8:10,,LFQ
31-12-22,08-241122,Jerico,Gesha ,Honey ,Honey ,3.2,15.63,2.7,Filtrado ,170°/189°,8:03,,LFQ
4-1-23,01-291022,Jerico,Dos mil ,Tradicional,Lavado ,9.2,18.48,7.5,Espressso,175°/195,8:14,,LFQ
6-1-23,08-241122,Jerico,Gesha ,Honey ,Honey ,2.8,15.00,2.38,Filtrado ,170°/189°,8:02,,LFQ
6-1-23,02-241122,Jerico,Dos mil ,Natural ,Natural ,6.2,18.06,5.08,Filtrado ,170°/191°,8:10,,LFQ
6-1-23,05-241122,Jerico,Dos mil ,Tradicional,Lavado ,5,11.60,4.42,Filtrado ,170°/192°,8:05,,LFQ
6-1-23,01-291022,Jerico,Dos mil ,Tradicional,Lavado ,15.5,16.65,12.92,Filtrado ,170°/191°,8:04,,LFQ
6-1-23,01-291022,Jerico,Dos mil ,Tradicional,Lavado ,6.2,19.35,5,Espressso,175°/195°,8:16,,LFQ
14-1-23,01-291022,Jerico,Dos mil ,Tradicional,Lavado ,6.2,19.35,5,Espressso,175°/195°,8:47,,LFQ
14-1-23,05-241122,Jerico,Dos mil ,Tradicional,Lavado ,3,15.33,2.54,Filtrado ,175°/191°,8:23,,LFQ
14-1-23,02-241122,Jerico,Dos mil ,Natural ,Natural ,6,15.33,5.08,Filtrado ,170°/191°,8:10,,LFQ
14-1-23,08-241122,Jerico,Gesha ,Honey ,Honey ,3,20.67,2.38,Filtrado ,170°/190°,8:02,,LFQ
17-1-23,01-291022,Jerico,Dos mil ,Tradicional,Lavado ,3,17.67,2.47,Filtrado ,175°/191°,8:10,,LFQ
17-1-23,08-241122,Jerico,Gesha ,Honey ,Honey ,3,13.33,2.6,Filtrado ,175°/192°,8:21,,LFQ
26-01-23,01-291022,Jerico,Dos mil ,Tradicional,Lavado ,66,20.45,52.5,Filtrado ,175°/191°,8:10,,LFQ
28-01-23,02-241122,Jerico,Dos mil ,Natural ,Natural ,6,15.33,5.08,Filtrado ,170°/191°,8:10,,LFQ
28-01-23,08-241122,Jerico,Gesha ,Honey ,Honey ,6,15.33,5.08,Filtrado ,170°/190°,8:02,,LFQ
28-01-23,01-291022,Jerico,Dos mil ,Tradicional,Lavado ,6,15.17,5.09,Filtrado ,175°/191°,8:38,,LFQ
28-01-23,01-291022,Jerico,Dos mil ,Tradicional,Lavado ,6,16.67,5,Espressso,175°/195°,8:16,,LFQ
30-1-23,09-190722,Ciudad Bolivar ,Tabi ,Natural ,Natural ,12,16.67,10,Filtrado ,175°/191°,8:16,,LFQ
30-1-23,01-291222,Jerico,Dos mil ,Tradicional,Lavado ,48,16.67,40,Filtrado ,175°/191°,8:38,,LFQ
30-1-23,01-291222,Jerico,Dos mil ,Tradicional,Lavado ,62,19.35,50,Espressso,175°/195°,8:45,,LFQ
2-2-23,01-291222,Jerico,Dos mil ,Tradicional,Lavado ,6,16.67,5,Espressso,175°/195°,8:48,,LFQ
2-2-23,05-241122,Jerico,Dos mil ,Tradicional,Lavado ,3,15.33,2.54,Filtrado ,175°/191°,8:23,,LFQ
9-2-23,01-291222,Jerico,Dos mil ,Tradicional,Lavado ,42,16.67,35,Filtrado ,175°/192°,8:12,,LFQ
9-2-23,01-291222,Jerico,Dos mil ,Tradicional,Lavado ,6,16.67,5,Espresso,175°/195°,8:47,,LFQ
9-2-23,08-241122,Jerico,Gesha ,Honey ,Honey ,3.25,16.92,2.7,Filtrado,170°/191°,8:01,,LFQ
9-2-23,02-241122,Jerico,Dos mil ,Natural ,Natural ,3.25,16.92,2.7,Filtrado ,170°/190°,8:32,,LFQ
9-2-23,01-291222,Jerico,Dos mil ,Tradicional,Lavado ,2,15.00,1.7,Filtrado ,175°/191°,8:15,,LFQ
10-2-23,01-291222,Jerico,Dos mil ,Tradicional,Lavado ,8,16.25,6.7,Filtrado ,175°/192°,8:20,,LFQ 
10-2-23,08-241122,Jerico,Gesha ,Honey ,Honey ,3.2,15.63,2.7,Filtrado ,175°/191°,8:14,,LFQ 
10-2-23,02-241122,Jerico,Dos mil ,Natural ,Natural ,3.2,15.63,2.7,Filtrado ,175°/191°,8:18,,LFQ 
16-2-23,01-291222,Jerico,Dos mil ,Tradicional,Lavado ,48,16.67,40,Filtrado ,175°/192°,8:41,,LFQ 
16-2-23,09-190722,Ciudad Bolivar ,Tabi ,Natural ,Natural ,12,16.67,10,Filtrado ,175°/192°,8:25,,LFQ 
16-2-23,02-241122,Jerico,Dos mil ,Natural ,Natural ,1.2,16.67,1,Filtrado,175°/190°,6:57,,LFQ 
16-2-23,07-010223,Jerico,Dos mil ,Tradicional,Lavado ,1.2,16.67,1,Filtrado,175°/190°,6:54,,LFQ 
16-2-23,11-010223,Herrera ,Wush Wush ,Natural ,Natural ,1.2,16.67,1,Filtrado,175°/190°,6:52,,LFQ 
18-2-23,01-291222,Jerico,Dos mil ,Tradicional,Lavado ,58,16.38,48.5,Filtrado,175°/192°,8:14,,LFQ 
18-2-23,12-100223,Salento ,Pink Bourbon,Honey ,Honey ,1.2,16.67,1,Filtrado,175°/195°,6:54,,LFQ 
18-2-23,02-241122,Jerico,Dos mil ,Natural ,Natural ,6,15.00,5.1,Filtrado,170°/191°,8:20,,LFQ 
18-2-23,08-241122,Jerico,Gesha ,Honey ,Honey ,7.5,18.67,6.1,Filtrado,170°/190°,8:12,,LFQ 
18-2-23,05-241122,Jerico,Dos mil ,Tradicional,Lavado ,4.2,19.05,3.4,Filtrado,175°/191°,8:36,,LFQ 
20-2-23,01-291222,Jerico,Dos mil ,Tradicional,Lavado ,6,16.67,5,Filtrado,175°/192°,8:14,,LFQ 
20-2-23,12-100223,Salento ,Pink Bourbon,Honey ,Honey ,1.2,16.67,1,Filtrado,175°/191°,6:54,,LFQ 
20-2-23,01-291222,Jerico,Dos mil ,Tradicional,Lavado ,2.1,19.05,1.7,Filtrado,170°/191°,8:18,,LFQ 
20-2-23,08-241122,Jerico,Gesha ,Honey ,Honey ,2.6,21.54,2.04,Filtrado,175°/191°,8:14,,LFQ 
20-2-23,11-010223,Herrera ,Wush Wush ,Natural ,Natural ,1.2,16.67,1,Filtrado,175°/190°,6:52,,LFQ 
20-2-23,02-241122,Jerico,Dos mil ,Natural ,Natural ,1.25,18.40,1.02,Filtrado,175°/191°,8:14,,LFQ 
21-2-23,08-241122,Jerico,Gesha ,Honey ,Honey ,2.5,18.40,2.04,Filtrado,175°/191°,8:36,,LFQ 
28-2-23,01-010223,Jerico,Dos mil ,Tradicional,Lavado ,200,16.25,167.5,Espresso,175°/195°,8:47,,LFQ
28-2-23,09-190722,Ciudad Bolivar ,Tabi ,Natural ,Natural ,35,14.29,30,Filtrado ,175°/191°,8:10,,LFQ 
28-2-23,02-241122,Jerico,Dos mil ,Natural ,Natural ,11.5,17.57,9.48,Filtrado ,175°/192°,8:21,,LFQ 
28-2-23,08-241122,Jerico,Gesha ,Honey ,Honey ,2.8,15.00,2.38,Filtrado ,175°/191°,8:10,,LFQ 
28-2-23,05-241122,Jerico,Dos mil ,Tradicional,Lavado ,8.2,17.07,6.8,Filtrado ,170°/191°,8:10,,LFQ 
28-2-23,07-010223,Jerico,Dos mil ,Tradicional,Lavado ,1.2,16.67,1,Filtrado ,170°/190°,8:02,,LFQ 
1-3-23,11-010223,Herrera ,Wush Wush ,Natural ,Natural ,1.2,16.67,1,Filtrado,175°/190°,6:52,,LFQ 
1-3-23,12-100223,Salento ,Pink Bourbon,Honey ,Honey ,1.2,16.67,1,Filtrado,175°/191°,6:54,,LFQ 
1-3-23,01-010223,Jerico,Dos mil ,Tradicional,Lavado ,57,16.67,47.5,Filtrado,175°/195°,6:54,,LFQ 
1-3-23,11-010223,Herrera ,Wush Wush ,Natural ,Natural ,1.2,16.67,1,Filtrado,175°/190°,6:52,,LFQ 
4-3-23,12-100223,Salento ,Pink Bourbon,Honey ,Honey ,1.2,16.67,1,Filtrado,175°/191°,6:50,,LFQ 
4-3-23,08-241122,Jerico,Gesha ,Honey ,Honey ,6,16.67,5,Filtrado,175°/195°,6:54,,LFQ 
4-3-23,07-010223,Jerico,Dos mil ,Tradicional,Lavado ,1.2,16.67,1,Filtrado ,170°/190°,8:02,,LFQ 
6-3-23,02-241122,Jerico,Dos mil ,Natural ,Natural ,4.2,19.05,3.4,Filtrado ,175°/192°,8:21,,LFQ 
6-3-23,08-241122,Jerico,Gesha ,Honey ,Honey ,4.2,19.05,3.4,Filtrado,175°/195°,6:54,,LFQ 
6-3-23,05-241122,Jerico,Dos mil ,Tradicional,Lavado ,4.2,19.05,3.4,Filtrado ,170°/191°,8:10,,LFQ 
6-3-23,01-010223,Jerico,Dos mil ,Tradicional,Lavado ,2,15.00,1.7,Filtrado,175°/195°,6:54,,LFQ 
6-3-23,12-100223,Salento ,Pink Bourbon,Honey ,Honey ,0.6,16.67,0.5,Filtrado,175°/191°,6:54,,LFQ 
6-3-23,01-010223,Jerico,Dos mil ,Tradicional,Lavado ,2.5,20.00,2,Espresso,175°/195°,8:47,,LFQ
8-3-23,01-010223,Jerico,Dos mil ,Tradicional,Lavado ,24,16.67,20,Filtrado,175°/195°,6:54,,LFQ 
8-3-23,01-010223,Jerico,Dos mil ,Tradicional,Lavado ,2.5,16.00,2.1,Espresso,175°/195°,8:47,,LFQ
8-3-23,12-100223,Salento ,Pink Bourbon,Honey ,Honey ,0.6,16.67,0.5,Filtrado,175°/191°,6:54,,LFQ 
11-3-23,01-010223,Jerico,Dos mil ,Tradicional,Lavado ,15,16.67,12.5,Espresso,175°/195°,8:47,,LFQ 
15-3-23,01-010223,Jerico,Dos mil ,Tradicional,Lavado ,84,16.67,70,Filtrado ,170°/191°,8:10,,LFQ 
15-3-23,01-010223,Jerico,Dos mil ,Tradicional,Lavado ,84,16.67,70,Espresso,175°/195°,8:49,,LFQ 
15-3-23,12-100223,Salento ,Pink Bourbon,Honey ,Honey ,50,15.00,42.5,Filtrado ,175°/192°,8:47,,LFQ 
15-3-23,02-241122,Jerico,Dos mil ,Natural ,Natural ,9,16.67,7.5,Filtrado,170°/190°,8:02,,LFQ 
17-3-23,02-241122,Jerico,Dos mil ,Natural ,Natural ,6,16.67,5,Filtrado,175°/190°,8:12,,LFQ 
17-3-23,08-241122,Jerico,Gesha ,Honey ,Honey ,6,16.67,5,Filtrado,175°/190°,8:47,,LFQ 
17-3-23,05-241122,Jerico,Dos mil ,Tradicional,Lavado ,6,16.67,5,Filtrado,175°/192°,8:01,,LFQ 
17-3-23,01-010223,Jerico,Dos mil ,Tradicional,Lavado ,30,16.67,25,Filtrado,175°/195°,8:32,,LFQ 
23-03-23,01-010223,Jerico,Dos mil ,Tradicional,Lavado ,21,16.67,17.5,Filtrado ,170°/191°,8:10,,LFQ 
23-03-23,01-010223,Jerico,Dos mil ,Tradicional,Lavado ,4.4,18.18,3.6,Espresso,175°/195°,8:21,,LFQ 
23-03-23,12-100223,Salento ,Pink Bourbon,Honey ,Honey ,1.6,18.75,1.3,Filtrado ,175°/192°,6:54,,LFQ 
28-3-23,01-010223,Jerico,Dos mil ,Tradicional,Lavado ,158,17.72,130,Espresso ,175°/195°,8:32,,LFQ 
28-3-23,02-241122,Jerico,Dos mil ,Natural ,Natural ,48,16.67,40,Filtrado ,175°/190°,8:02,,LFQ 
29-3-23,01-010223,Jerico,Dos mil ,Tradicional,Lavado ,6,16.67,5,Filtrado ,175°/191°,8:12,,LFQ 
29-3-23,11-010223,Herrera ,Wush Wush ,Natural ,Natural ,2.1,19.05,1.7,Filtrado ,175°/190°,8:15,,LFQ 
3-4-23,03-010223,Jerico,Dos mil ,Tradicional,Descafeinado,2.1,19.05,1.7,Filtrado ,170°/191°,6:54,,LFQ 
3-4-23,11-010223,Herrera ,Wush Wush ,Natural ,Natural ,1.8,27.78,1.3,Filtrado ,170°/190°,8:32,,LFQ 
3-4-23,01-010223,Jerico,Dos mil ,Tradicional,Lavado ,63,16.67,52.5,Filtrado ,175°/191°,8:02,,LFQ 
3-4-23,02-241122,Jerico,Dos mil ,Natural ,Natural ,6,16.67,5,Filtrado ,175°/192°,8:21,,LFQ 
3-4-23,08-241122,Jerico,Gesha ,Honey ,Honey ,6,16.67,5,Filtrado ,175°/191°,8:11,,LFQ 
3-4-23,07-010223,Jerico,Dos mil ,Tradicional,Lavado ,1.2,16.67,1,Filtrado ,170°/191°,7:13,,LFQ 
7-4-23,01-010223,Jerico,Dos mil ,Tradicional,Lavado ,156,16.67,130,Espresso ,170°/195°,8:54,,LFQ 
14-4-23,09-140423,Ciudad Bolivar ,Tabi ,Natural ,Natural ,35,14.29,30,Filtrado ,170°/191°,8:12,,LFQ
18-4-23,11-140423,Herrera ,Wush Wush ,Natural ,Natural ,4,15.00,3.4,Filtrado ,170°/190°,8:32,,LFQ 
20-4-23,01-010223,Jerico,Dos mil ,Tradicional,Lavado ,9,16.67,7.5,Filtrado ,175°/191°,8:02,,LFQ 
20-4-23,02-241122,Jerico,Dos mil ,Natural ,Natural ,6,16.67,5,Filtrado ,175°/192°,8:21,,LFQ 
20-4-23,08-240423,Jerico,Gesha ,Honey ,Honey ,6,16.67,5,Filtrado ,175°/191°,8:11,,LFQ 
20-4-23,07-010223,Jerico,Dos mil ,Tradicional,Lavado ,6,16.67,5,Filtrado ,170°/191°,7:13,,LFQ 
21-4-23,01-010223,Jerico,Dos mil ,Tradicional,Lavado ,12,16.67,10,Espresso ,170°/195°,8:54,,LFQ 
21-4-23,01-010223,Jerico,Dos mil ,Tradicional,Lavado ,42,16.67,35,Filtrado ,175°/191°,8:05,,LFQ 
24-4-23,01-010223,Jerico,Dos mil ,Tradicional,Lavado ,110,18.18,90,Espresso ,170°/195°,8:54,,LFQ 
24-4-23,09-140423,Ciudad Bolivar ,Tabi ,Natural ,Natural ,24,16.67,20,Filtrado ,170°/191°,8:12,,LFQ
9-5-23,01-010223,Jerico,Dos mil ,Tradicional,Lavado ,52,18.27,42.5,Filtrado ,175°/192°,8:05,,LFQ 
9-5-23,02-200423,Jerico,Dos mil ,Natural ,Natural ,6,16.67,5,Filtrado ,175°/192°,8:21,,LFQ 
9-5-23,08-240423,Jerico,Gesha ,Honey ,Honey ,6,16.67,5,Filtrado ,175°/191°,8:11,,LFQ 
9-5-23,07-010223,Jerico,Dos mil ,Tradicional,Lavado ,6,16.67,5,Filtrado ,170°/191°,7:45,,LFQ 
15-5-23,01-010223,Jerico,Dos mil ,Tradicional,Lavado ,195,17.95,160,Espresso ,170°/195°,8:54,,LFQ 
15-5-23,09-140423,Ciudad Bolivar ,Tabi ,Natural ,Natural ,35,14.29,30,Filtrado ,170°/191°,8:12,,LFQ
17-5-23,01-010223,Jerico,Dos mil ,Tradicional,Lavado ,45,16.67,37.5,Filtrado ,175°/192°,8:05,,LFQ 
18-5-23,01-010223,Jerico,Dos mil ,Tradicional,Lavado ,12,16.67,10,Filtrado ,175°/191°,8:14,,LFQ 
18-5-23,02-200423,Jerico,Dos mil ,Natural ,Natural ,3,16.67,2.5,Filtrado ,175°/190°,8:02,,LFQ 
18-5-23,08-240423,Jerico,Gesha ,Honey ,Honey ,3,16.67,2.5,Filtrado ,175°/191°,8:01,,LFQ 
18-5-23,11-140423,Herrera ,Wush Wush ,Natural ,Natural ,2,15.00,1.7,Filtrado ,170°/190°,7:45,,LFQ 
23-5-23,01-010223,Jerico,Dos mil ,Tradicional,Lavado ,15,16.67,12.5,Filtrado ,175°/191°,8:14,,LFQ 
23-5-23,01-010223,Jerico,Dos mil ,Tradicional,Lavado ,8,18.75,6.5,Espresso,175°/195°,8:21,,LFQ 
23-5-23,08-240423,Jerico,Gesha ,Honey ,Honey ,2.38,15.97,2,Filtrado ,175°/191°,8:01,,LFQ 
27-5-23,01-010223,Jerico,Dos mil ,Tradicional,Lavado ,33,16.67,27.5,Filtrado ,175°/191°,8:17,,LFQ 
27-5-23,02-200423,Jerico,Dos mil ,Natural ,Natural ,6,16.67,5,Filtrado ,175°/190°,8:21,,LFQ 
27-5-23,07-010223,Jerico,Dos mil ,Tradicional,Lavado ,6,16.67,5,Filtrado ,170°/191°,7:58,,LFQ 
27-5-23,13-250523,Planadas ,Pink Bourbon,Natural ,Natural ,1,20.00,0.8,Filtrado ,170°/189°,5:18,,LFQ
29-5-23,03-010223,Jerico,Dos mil ,Tradicional,Descafeinado,2.1,19.05,1.7,Filtrado ,170°/191°,6:54,,LFQ 
31-5-23,01-010223,Jerico,Dos mil ,Tradicional,Lavado ,86,18.60,70,Filtrado ,175°/191°,8:14,,LFQ 
31-5-23,01-010223,Jerico,Dos mil ,Tradicional,Lavado ,103,22.33,80,Espresso,175°/195°,8:21,,LFQ 
31-5-23,01-010223,Jerico,Dos mil ,Tradicional,Lavado ,74,18.92,60,Filtrado ,175°/191°,8:14,,LFQ 
1-6-23,13-250523,Planadas ,Pink Bourbon,Natural ,Natural ,2,16.00,1.68,Filtrado ,170°/189°,5:18,,LFQ
1-6-23,03-010223,Jerico,Dos mil ,Tradicional,Descafeinado,1.2,16.67,1,Filtrado ,170°/191°,6:54,,LFQ 
1-6-23,08-240423,Jerico,Gesha ,Honey ,Honey ,9,16.67,7.5,Filtrado ,175°/191°,8:01,,LFQ 
1-6-23,02-200423,Jerico,Dos mil ,Natural ,Natural ,6,16.67,5,Filtrado ,175°/190°,8:21,,LFQ 
4-6-23,11-140423,Herrera ,Wush Wush ,Natural ,Natural ,2,15.00,1.7,Filtrado ,170°/190°,7:45,,LFQ 
17-6-23,01-010223,Jerico,Dos mil ,Tradicional,Lavado ,3,16.67,2.5,Filtrado ,175°/192°,8:41,,LFQ 
17-6-23,02-200423,Jerico,Dos mil ,Natural ,Natural ,6,16.67,5,Filtrado ,175°/192°,8:12,,LFQ 
17-6-23,08-240423,Jerico,Gesha ,Honey ,Honey ,6,16.67,5,Filtrado ,170°/191°,8:26,,LFQ 
17-6-23,07-010223,Jerico,Dos mil ,Tradicional,Lavado ,6,16.67,5,Filtrado ,170°/191°,7:45,,LFQ 
21-6-23,01-010223,Jerico,Dos mil ,Tradicional,Lavado ,21,16.67,17.5,Filtrado ,175°/192°,8:41,,LFQ 
21-6-23,01-010223,Jerico,Dos mil ,Tradicional,Lavado ,124,19.35,100,Espresso,175°/192°,8:41,,LFQ 
21-6-23,09-140423,Ciudad Bolivar ,Tabi ,Natural ,Natural ,60,16.67,50,Filtrado ,170°/191°,8:12,,LFQ
22-6-23,01-010223,Jerico,Dos mil ,Tradicional,Lavado ,42,16.67,35,Filtrado ,175°/192°,8:45,,LFQ 
22-6-23,02-200423,Jerico,Dos mil ,Natural ,Natural ,3,16.67,2.5,Filtrado ,175°/192°,8:15,,LFQ 
22-6-23,08-240423,Jerico,Gesha ,Honey ,Honey ,6,16.67,5,Filtrado ,170°/191°,8:29,,LFQ 
22-6-23,05-240123,Jerico,Dos mil ,Tradicional,Lavado ,15,16.67,12.5,Espresso,175°/192°,8:48,,LFQ 
30-6-23,01-010223,Jerico,Dos mil ,Tradicional,Lavado ,12,16.67,10,Filtrado ,175°/190°,8:40,,LFQ 
1-7-23,01-010223,Jerico,Dos mil ,Tradicional,Lavado ,30,16.67,25,Filtrado ,175°/191°,8:35,,LFQ 
4-7-23,01-010223,Jerico,Dos mil ,Tradicional,Lavado ,12,16.67,10,Espresso,175°/195°,8:35,,LFQ 
4-7-23,08-040723,Jerico,Gesha ,Honey ,Honey ,6,16.67,5,Filtrado ,170°/191°,8:26,,LFQ 
4-7-23,07-040723,Jerico,Dos mil ,Tradicional,Lavado ,6,16.67,5,Filtrado ,175°/190°,8:40,,LFQ 
4-7-23,13-250523,Planadas ,Pink Bourbon,Natural ,Natural ,1.2,16.67,1,Filtrado ,170°/189°,5:18,,LFQ
5-7-23,01-010223,Jerico,Dos mil ,Tradicional,Lavado ,9,16.67,7.5,Filtrado ,170°/191°,8:02,,LFQ 
5-7-23,02-200423,Jerico,Dos mil ,Natural ,Natural ,1.2,16.67,1,Filtrado ,175°/192°,7:14,,LFQ 
5-7-23,08-040723,Jerico,Gesha ,Honey ,Honey ,1.2,16.67,1,Filtrado ,170°/191°,7:03,,LFQ 
5-7-23,07-040723,Jerico,Dos mil ,Tradicional,Lavado ,1.2,16.67,1,Filtrado ,170°/191°,7:02,,LFQ 
6-7-23,01-010223,Jerico,Dos mil ,Tradicional,Lavado ,33,16.67,27.5,Filtrado ,175°/193°,8:42,,LFQ 
13-7-23,02-200423,Jerico,Dos mil ,Natural ,Natural ,9,16.67,7.5,Filtrado ,175°/192°,7:14,,LFQ 
13-7-23,08-040723,Jerico,Gesha ,Honey ,Honey ,9,16.67,7.5,Filtrado ,170°/191°,7:03,,LFQ 
13-7-23,07-040723,Jerico,Dos mil ,Tradicional,Lavado ,9,16.67,7.5,Filtrado ,170°/191°,7:02,,LFQ 
19-7-23,01-010223,Jerico,Dos mil ,Tradicional,Lavado ,155,19.35,125,Espresso,175°/195°,8:35,,LFQ 
19-7-23,01-010223,Jerico,Dos mil ,Tradicional,Lavado ,96,16.67,80,Filtrado ,170°/191°,8:26,,LFQ 
19-7-23,02-200423,Jerico,Dos mil ,Natural ,Natural ,1.2,16.67,1,Filtrado ,175°/192°,7:14,,LFQ 
19-7-23,08-040723,Jerico,Gesha ,Honey ,Honey ,1.2,16.67,1,Filtrado ,170°/191°,7:03,,LFQ 
19-7-23,07-040723,Jerico,Dos mil ,Tradicional,Lavado ,3,16.67,2.5,Filtrado ,170°/191°,7:02,,LFQ 
25-7-23,01-010223,Jerico,Dos mil ,Tradicional,Lavado ,45,16.67,37.5,Filtrado ,180°/193° ,7:45,,LFQ 
25-7-23,02-200423,Jerico,Dos mil ,Natural ,Natural ,3,16.67,2.5,Filtrado ,175°/191°,8:14,,LFQ 
25-7-23,07-040723,Jerico,Dos mil ,Tradicional,Lavado ,3,16.67,2.5,Filtrado ,175°/190°,8:02,,LFQ 
27-7-23,13-250523,Planadas ,Pink Bourbon,Natural ,Natural ,2.2,22.73,1.7,Filtrado ,170°/189°,7:01,,LFQ 
27-7-23,09-140423,Ciudad Bolivar ,Tabi ,Natural ,Natural ,3,16.67,2.5,Filtrado ,175°/192°,7:45,,LFQ 
28-7-23,11-120723,Herrra ,Wush Wush ,Natural ,Natural ,2.2,22.73,1.7,Filtrado ,170°/189°,7:14,,LFQ 
28-7-23,03-010223,Jerico,Dos mil ,Tradicional,Descafeinado,2.2,22.73,1.7,Filtrado ,175°/190°,7:21,,LFQ 
31-7-23,01-010223,Jerico,Dos mil ,Tradicional,Lavado ,48,16.67,40,Filtrado ,180°/193° ,7:45,,LFQ 
2-8-23,01-020823,Jerico,Dos mil ,Tradicional,Lavado ,200,20.00,160,Espresso,180°/193°,8:54,,LFQ
2-8-23,09-140423,Ciudad Bolivar ,Tabi ,Natural ,Natural ,60,16.67,50,Filtrado ,170°/191°,8:12,,LFQ
5-8-23,01-020823,Jerico,Dos mil ,Tradicional,Lavado ,26.5,16.98,22,Filtrado ,180°/193° ,7:45,,LFQ 
5-8-23,08-040723,Jerico,Gesha ,Honey ,Honey ,6,16.67,5,Filtrado ,170°/191°,7:03,,LFQ 
5-8-23,02-200423,Jerico,Dos mil ,Natural ,Natural ,12,16.67,10,Filtrado ,175°/191°,8:14,,LFQ 
9-8-23,07-040723,Jerico,Dos mil ,Tradicional,Lavado ,3,16.67,2.5,Filtrado ,175°/190°,8:02,,LFQ 
9-8-23,11-120723,Herrra ,Wush Wush ,Natural ,Natural ,1.2,16.67,1,Filtrado ,170°/189°,7:14,,LFQ 
9-8-23,08-040723,Jerico,Gesha ,Honey ,Honey ,1.2,16.67,1,Filtrado ,170°/191°,7:03,,LFQ 
10-8-23,11-120723,Herrra ,Wush Wush ,Natural ,Natural ,2.1,19.05,1.7,Filtrado ,170°/189°,7:14,,LFQ 
10-8-23,01-020823,Jerico,Dos mil ,Tradicional,Lavado ,30,16.67,25,Filtrado ,180°/193° ,7:45,,LFQ 
22-8-23,01-020823,Jerico,Dos mil ,Tradicional,Lavado ,39.5,17.72,32.5,Filtrado ,180°/192°,8:43,,LFQ
22-8-23,11-120723,Herrra ,Wush Wush ,Natural ,Natural ,2.1,19.05,1.7,Filtrado ,170°/189°,7:14,,LFQ 
22-8-23,07-040723,Jerico,Dos mil ,Tradicional,Lavado ,9,16.67,7.5,Filtrado ,175°/190°,8:02,,LFQ 
22-8-23,13-250523,Planadas ,Pink Bourbon,Natural ,Natural ,1.2,16.67,1,Filtrado ,170°/189°,5:18,,LFQ
22-8-23,08-040723,Jerico,Gesha ,Honey ,Honey ,1.2,16.67,1,Filtrado ,170°/191°,7:03,,LFQ 
23-8-23,01-020823,Jerico,Dos mil ,Tradicional,Lavado ,45,16.67,37.5,Filtrado ,180°/192°,8:43,,LFQ
23-8-23,07-040723,Jerico,Dos mil ,Tradicional,Lavado ,6,16.67,5,Filtrado ,175°/190°,8:02,,LFQ 
23-8-23,08-040723,Jerico,Gesha ,Honey ,Honey ,3,16.67,2.5,Filtrado ,170°/191°,7:03,,LFQ 
28-8-23 ,01-020823,Jerico,Dos mil ,Tradicional,Lavado ,21,16.67,17.5,Filtrado ,180°/192°,8:43,,LFQ
28-8-23,09-140423,Ciudad Bolivar ,Tabi ,Natural ,Natural ,60,16.67,50,Filtrado ,170°/191°,8:12,,LFQ
30-8-23,01-020823,Jerico,Dos mil ,Tradicional,Lavado ,24,16.67,20,Filtrado ,175°/192°,8:12,,LFQ
31-8-23,11-120723,Herrra ,Wush Wush ,Natural ,Natural ,2.1,19.05,1.7,Filtrado ,170°/189°,7:14,,LFQ
31-8-23,02-160823 ,Jerico,Dos mil ,Natural ,Natural ,6,16.67,5,Filtrado ,175°/191°,8:14,,LFQ
6-9-23,01-020823,Jerico,Dos mil ,Tradicional,Lavado ,45,16.67,37.5,Filtrado ,175°/192°,8:12,,LFQ
6-9-23,07-040723,Jerico,Dos mil ,Tradicional,Lavado ,6,16.67,5,Filtrado ,175°/190°,8:02,,LFQ
6-9-23,08-080923,Jerico,Gesha ,Honey ,Honey ,15,20.00,12,Filtrado ,170°/191°,7:03,,LFQ
9-9-23,15-080923,Aipe ,Maragogipe ,Lavado ,Lavado ,18,16.67,15,Filtrado ,175°/192°,8:12,,LFQ
9-9-23,08-080923,Jerico,Gesha ,Honey ,Honey ,24,16.67,20,Filtrado ,170°/191°,8:23,,LFQ
9-9-23,09-140423,Ciudad Bolivar ,Tabi ,Natural ,Natural ,24,16.67,20,Filtrado ,170°/191°,8:12,,LFQ
12-9-23,15-080923,Aipe ,Maragogipe ,Lavado ,Lavado ,6,16.67,5,Filtrado ,175°/192°,8:12,,LFQ
12-9-23,03-010223,Jerico,Dos mil ,Tradicional,Descafeinado,3,16.67,2.5,Filtrado ,170°/191°,6:54,,LFQ 
12-9-23,11-120723,Herrra ,Wush Wush ,Natural ,Natural ,6,16.67,5,Filtrado ,170°/189°,7:14,,LFQ
12-9-23,14-080923,Jerico,Dos mil ,Lavado ,Lavado ,12,16.67,10,Filtrado ,170°/189°,8:25,,LFQ
12-9-23,16-080923,Jerico,Gesha ,Natural ,Natural ,6,16.67,5,Espresso,170°/191°,8:23,,LFQ
12-9-23,01-020823,Jerico,Dos mil ,Tradicional,Lavado ,110,18.18,90,Filtrado ,175°/192°,8:12,,LFQ
12-9-23,15-080923,Aipe ,Maragogipe ,Lavado ,Lavado ,1.2,16.67,1,Filtrado ,175°/192°,8:12,,LFQ
12-9-23,11-120723,Herrra ,Wush Wush ,Natural ,Natural ,1.2,16.67,1,Filtrado ,170°/189°,7:14,,LFQ
12-9-23,14-080923,Jerico,Dos mil ,Lavado ,Lavado ,1.2,16.67,1,Filtrado ,170°/189°,8:25,,LFQ
12-9-23,08-080923,Jerico,Gesha ,Honey ,Honey ,1.2,16.67,1,Filtrado ,170°/191°,7:03,,LFQ
21-9-23,01-020823,Jerico,Dos mil ,Tradicional,Lavado ,84.5,17.16,70,Filtrado ,175°/192°,8:12,,LFQ
21-9-23,15-080923,Aipe ,Maragogipe ,Lavado ,Lavado ,3,16.67,2.5,Filtrado ,175°/192°,8:12,,LFQ
21-9-23 ,11-120723,Herrra ,Wush Wush ,Natural ,Natural ,3,16.67,2.5,Filtrado ,170°/189°,7:14,,LFQ
25-9-23,01-020823,Jerico,Dos mil ,Tradicional,Lavado ,24,16.67,20,Filtrado ,175°/192°,8:12,,LFQ
2-10-23,01-020823,Jerico,Dos mil ,Tradicional,Lavado ,69,17.39,57,Espresso,175°/193°,8:10,,LFQ
6-10-23,15-080923,Aipe ,Maragogipe ,Lavado ,Lavado ,4.1,17.07,3.4,Filtrado ,170°/189°,8:25,,LFQ
6-10-23,11-120723,Herrra ,Wush Wush ,Natural ,Natural ,2.9,17.24,2.4,Filtrado ,170°/191°,7:03,,LFQ
6-10-23,14-080923,Jerico,Dos mil ,Lavado ,Lavado ,2.9,17.24,2.4,Filtrado ,175°/192°,8:12,,LFQ
11-10-23,16-080923,Jerico,Gesha ,Natural ,Natural ,6,16.67,5,Espresso,170°/191°,8:23,,LFQ
11-10-23,01-020823,Jerico,Dos mil ,Tradicional,Lavado ,6,16.67,5,Filtrado ,175°/192°,8:12,,LFQ
11-10-23,15-080923,Aipe ,Maragogipe ,Lavado ,Lavado ,1.2,16.67,1,Filtrado ,170°/189°,7:10,,LFQ
11-10-23,14-080923,Jerico,Dos mil ,Lavado ,Lavado ,1.2,16.67,1,Filtrado ,170°/191°,7:03,,LFQ
19-10-23 ,01-020823,Jerico,Dos mil ,Tradicional,Lavado ,55,18.18,45,Filtrado ,175°/192°,8:12,,LFQ
19-10-23,16-080923,Jerico,Gesha ,Natural ,Natural ,9,16.67,7.5,Espresso,170°/191°,8:23,,LFQ
19-10-23 ,09-140423,Ciudad Bolivar ,Tabi ,Natural ,Natural ,36,16.67,30,Filtrado ,170°/191°,8:12,,LFQ
19-10-23,06-201023,Chaparral ,Pink Bourbon,Lavado ,Lavado ,3,16.67,2.5,Filtrados ,170°/190°,8:10,,LFQ 
25-10-23,01-020823,Jerico,Dos mil ,Tradicional,Lavado ,6,16.67,5,Filtrado ,175°/192°,8:12,,LFQ
25-10-23 ,15-080923,Aipe ,Maragogipe ,Lavado ,Lavado ,6,16.67,5,Filtrado ,170°/189°,8:01,,LFQ
25-10-23 ,14-080923,Jerico,Dos mil ,Lavado ,Lavado ,6,16.67,5,Filtrado ,170°/191°,8:03,,LFQ
25-10-23 ,01-020823,Jerico,Dos mil ,Tradicional,Lavado ,3,16.67,2.5,Espresso,175°/192°,8:23,,LFQ
25-10-23,16-080923,Jerico,Gesha ,Natural ,Natural ,6,16.67,5,Espresso,170°/191°,8:23,,LFQ
25-10-23,08-080923,Jerico,Gesha ,Honey ,Honey ,6,16.67,5,Filtrado ,170°/191°,8:11,,LFQ
26-10-23 ,01-020823,Jerico,Dos mil ,Tradicional,Lavado ,35,14.29,30,Filtrado ,175°/192°,8:21,,LFQ
30-10-23,16-080923,Jerico,Gesha ,Natural ,Natural ,8,18.75,6.5,Espresso,170°/191°,8:23,,LFQ
30-10-23 ,06-201023,Chaparral ,Pink Bourbon,Lavado ,Lavado ,6,50.00,3,Filtrados ,170°/190°,8:10,,LFQ 
30-10-23 ,11-301023,Herrra ,Wush Wush ,Natural ,Natural ,5,16.00,4.2,Filtrado ,170°/191°,7:03,,LFQ
30-10-23,14-080923,Jerico,Dos mil ,Lavado ,Lavado ,6,16.67,5,Filtrado ,170°/191°,8:03,,LFQ
30-10-23,02-301023,Jerico,Dos mil ,Natural ,Natural ,3,16.67,2.5,Filtrado ,175°/191°,8:14,,LFQ
6-11-23,06-201023,Chaparral ,Pink Bourbon,Lavado ,Lavado ,3,16.67,2.5,Filtrados ,170°/190°,8:10,,LFQ 
6-11-23,11-301023,Herrra ,Wush Wush ,Natural ,Natural ,3,16.67,2.5,Filtrado ,170°/191°,7:03,,LFQ
6-11-23,14-080923,Jerico,Dos mil ,Lavado ,Lavado ,6,16.67,5,Filtrado ,170°/191°,8:03,,LFQ
6-11-23,02-301023,Jerico,Dos mil ,Natural ,Natural ,6,16.67,5,Filtrado ,175°/191°,8:14,,LFQ
6-11-23,01-020823,Jerico,Dos mil ,Tradicional,Lavado ,33,16.67,27.5,Filtrado ,175°/192°,8:21,,LFQ
6-11-23,10-201023,Rovira ,Castillo,Tradicional,Lavado ,6,16.67,5,Espresso ,180°/193°,8:12,,LFQ
8-11-23,06-201023,Chaparral ,Pink Bourbon,Lavado ,Lavado ,3,16.67,2.5,Filtrados ,170°/190°,8:12,,LFQ
8-11-23,01-020823,Jerico,Dos mil ,Tradicional,Lavado ,30,16.67,25,Filtrados ,175°/192°,9:01,,LFQ
14-11-23,09-141123 ,Ciudad Bolivar ,Tabi ,Natural ,Natural ,35,14.29,30,Filtrados ,180°/191°,9:10,,LFQ
14-11-23 ,01-141123 ,Jerico,Dos mil ,Tradicional,Lavado ,61,13.93,52.5,Filtrados ,180°/193°,8:58,,LFQ
14-11-23 ,02-301023,Jerico,Dos mil ,Natural ,Natural ,6,16.67,5,Filtrados ,175°/191°,8:14,,LFQ
14-11-23 ,04-201023 ,San Antonio ,Caturra ,Lavado ,Lavado ,6,16.67,5,Filtrados ,170°/189°,8:12,,LFQ
14-11-23,10-201023,Rovira ,Castillo,Tradicional,Lavado ,6,16.67,5,Espresso ,180°/193°,8:12,,LFQ
14-11-23,11-301023,Herrra ,Wush Wush ,Natural ,Natural ,3,16.67,2.5,Filtrado ,170°/191°,7:03,,LFQ
14-11-23,15-080923,Aipe ,Maragogipe ,Lavado ,Lavado ,3,16.67,2.5,Filtrado ,170°/189°,8:01,,LFQ
21-11-23,01-141123 ,Jerico,Dos mil ,Tradicional,Lavado ,90,16.67,75,Filtrados ,180°/193°,8:58,,LFQ
21-11-23,02-301023,Jerico,Dos mil ,Natural ,Natural ,6,16.67,5,Filtrados ,175°/191°,8:14,,LFQ
21-11-23,04-201023 ,San Antonio ,Caturra ,Lavado ,Lavado ,5.4,16.67,4.5,Filtrados ,170°/189°,8:12,,LFQ
21-11-23,10-201023,Rovira ,Castillo,Tradicional,Lavado ,6,16.67,5,Espresso ,180°/193°,8:11,,LFQ
21-11-23,11-301023,Herrra ,Wush Wush ,Natural ,Natural ,3,16.67,2.5,Filtrado ,170°/191°,8:34,,LFQ
21-11-23,15-080923,Aipe ,Maragogipe ,Lavado ,Lavado ,1.2,16.67,1,Filtrado ,170°/189°,8:34,,LFQ
21-11-23,06-201023,Chaparral ,Pink Bourbon,Lavado ,Lavado ,9,17.78,7.4,Filtrados ,170°/190°,8:09,,LFQ
28-11-23,10-201023,Rovira ,Castillo,Tradicional,Lavado ,9,16.67,7.5,Espresso ,180°/193°,8:11,,LFQ
30-11-23 ,17-141123 ,Quimbaya ,Bourbon Rojo ,Honey ,Honey ,6,16.67,5,Filtrados ,170°/191°,8:32,,LFQ
30-11-23 ,01-141123 ,Jerico,Dos mil ,Tradicional,Lavado ,51,16.67,42.5,Filtrados ,180°/193°,8:58,,LFQ
30-11-23,11-301023,Herrra ,Wush Wush ,Natural ,Natural ,3,16.67,2.5,Filtrado ,170°/191°,7:03,,LFQ
6-12-23,15-080923,Aipe ,Maragogipe ,Lavado ,Lavado ,3,16.67,2.5,Filtrado ,170°/189°,8:34,,LFQ
6-12-23,06-201023,Chaparral ,Pink Bourbon,Lavado ,Lavado ,3,16.67,2.5,Filtrados ,170°/190°,8:09,,LFQ
6-12-23,10-201023,Rovira ,Castillo,Tradicional,Lavado ,6,16.67,5,Espresso ,180°/193°,8:11,,LFQ
6-12-23,17-141123 ,Quimbaya ,Bourbon Rojo ,Honey ,Honey ,3,16.67,2.5,Filtrados ,170°/191°,8:32,,LFQ
11-12-23,01-141123 ,Jerico,Dos mil ,Tradicional,Lavado ,105,16.67,87.5,Filtrados ,170°/190°,8:09,,LFQ
11-12-23,02-301023,Jerico,Dos mil ,Natural ,Natural ,9,18.89,7.3,Filtrados ,175°/191°,8:14,,LFQ
11-12-23,17-141123 ,Quimbaya ,Bourbon Rojo ,Honey ,Honey ,9,17.78,7.4,Filtrados ,170°/191°,8:32,,LFQ
11-12-23,05-111223,Jerico,Dos mil ,Lavado ,Lavado ,6,21.67,4.7,Filtrados ,170°/191°,8:32,,LFQ
11-12-23,08-111223,Jerico,Gesha ,Honey ,Honey ,9,17.78,7.4,Filtrados ,180°/193°,8:58,,LFQ
11-12-23,15-080923,Aipe ,Maragogipe ,Lavado ,Lavado ,7,17.14,5.8,Filtrados ,170°/189°,8:34,,LFQ
11-12-23,11-301023,Herrra ,Wush Wush ,Natural ,Natural ,9,16.67,7.5,Filtrados ,170°/191°,7:03,,LFQ
11-12-23,03-010223,Jerico,Dos mil ,Tradicional,Descafeinado,1.2,16.67,1,Filtrados ,170°/191°,6:54,,LFQ 
11-12-23,06-201023,Chaparral ,Pink Bourbon,Lavado ,Lavado ,9,17.78,7.4,Filtrados ,170°/190°,8:09,,LFQ
19-12-23 ,02-301023,Jerico,Dos mil ,Natural ,Natural ,6,18.33,4.9,Filtrados ,175°/191°,8:14,,LFQ
19-12-23 ,04-201023 ,San Antonio ,Caturra ,Lavado ,Lavado ,1.2,16.67,1,Filtrados ,170°/189°,8:12,,LFQ
26-12-23 ,01-141123 ,Jerico,Dos mil ,Tradicional,Lavado ,60,16.67,50,Filtrados ,170°/190°,8:09,,LFQ
10-1-24,01-141123 ,Jerico,Dos mil ,Tradicional,Lavado ,75,16.67,62.5,Filtrados ,180°/193°,8:58,,LFQ
10-1-24,10-201023,Rovira ,Castillo,Tradicional,Lavado ,9,16.67,7.5,Espresso ,180°/193°,8:11,,LFQ
10-1-24,11-301023,Herrra ,Wush Wush ,Natural ,Natural ,2,15.00,1.7,Filtrado ,170°/191°,7:03,,LFQ
10-1-24,17-141123 ,Quimbaya ,Bourbon Rojo ,Honey ,Honey ,2,15.00,1.7,Filtrados ,170°/191°,8:32,,LFQ
10-1-24,04-201023 ,San Antonio ,Caturra ,Lavado ,Lavado ,2,15.00,1.7,Filtrados ,170°/189°,8:12,,LFQ
10-1-24,02-301023,Jerico,Dos mil ,Natural ,Natural ,9,18.89,7.3,Filtrados ,175°/191°,8:14,,LFQ
10-1-24,18-221223 ,Rioblanco,Caturra ,Lavado ,Lavado ,1.2,16.67,1,Filtrados ,170°/189°,7:12,,LFQ 
15-1-24,10-201023,Rovira ,Castillo,Tradicional,Lavado ,6,16.67,5,Espresso ,180°/193°,8:11,,LFQ
15-1-24,11-301023,Herrra ,Wush Wush ,Natural ,Natural ,3,16.67,2.5,Filtrado ,170°/191°,7:03,,LFQ
15-1-24,17-141123 ,Quimbaya ,Bourbon Rojo ,Honey ,Honey ,3,16.67,2.5,Filtrados ,170°/191°,8:32,,LFQ
15-1-24,02-301023,Jerico,Dos mil ,Natural ,Natural ,3,16.67,2.5,Filtrados ,175°/191°,8:14,,LFQ
15-1-24,01-141123 ,Jerico,Dos mil ,Tradicional,Lavado ,3,16.67,2.5,Filtrados ,180°/193°,8:58,,LFQ
21-1-24,01-141123 ,Jerico,Dos mil ,Tradicional,Lavado ,60,16.67,50,Filtrados ,180°/193°,8:58,,LFQ
21-1-24,08-111223,Jerico,Gesha ,Honey ,Honey ,3,18.33,2.45,Filtrados ,180°/193°,8:58,,LFQ
21-1-24 ,10-201023,Rovira ,Castillo,Tradicional,Lavado ,9,16.67,7.5,Espresso ,180°/193°,8:11,,LFQ
22-1-24,17-141123 ,Quimbaya ,Bourbon Rojo ,Honey ,Honey ,6,16.67,5,Filtrados ,170°/191°,8:32,,LFQ
22-1-24,05-111223,Jerico,Dos mil ,Lavado ,Lavado ,6,21.67,4.7,Filtrados ,170°/191°,8:32,,LFQ
22-1-24,01-220124,Jerico,Dos mil ,Tradicional,Lavado ,36,16.67,30,Filtrados ,180°/193°,8:58,,LFQ
22-1-24,11-301023,Herrra ,Wush Wush ,Natural ,Natural ,3,16.67,2.5,Filtrado ,170°/191°,7:03,,LFQ
22-1-24,15-080923,Aipe ,Maragogipe ,Lavado ,Lavado ,3,16.67,2.5,Filtrados ,170°/189°,8:34,,LFQ
30-1-24 ,01-220124,Jerico,Dos mil ,Tradicional,Lavado ,18,16.67,15,Filtrados ,180°/193°,8:58,,LFQ
30-1-24 ,02-220124,Jerico,Dos mil ,Natural ,Natural ,3,16.67,2.5,Filtrados ,175°/191°,8:14,,LFQ
2-2-24,18-221223,Rioblanco,Caturra ,Lavado ,Lavado ,3,20.00,2.4,Filtrados ,170°/190°,9:01,,LFQ
2-2-24,05-111223,Jerico,Dos mil ,Lavado ,Lavado ,3,20.00,2.4,Filtrados ,175°/191°,8:16,,LFQ
2-2-24,10-201023,Rovira ,Castillo,Tradicional,Lavado ,6,16.67,5,Espresso ,180°/193°,8:11,,LFQ
2-2-24,02-220124,Jerico,Dos mil ,Natural ,Natural ,3,16.67,2.5,Filtrados ,175°/191°,8:14,,LFQ
2-2-24,01-220124,Jerico,Dos mil ,Tradicional,Lavado ,105,16.67,87.5,Filtrados ,180°/193°,8:58,,LFQ
14-2-24,01-220124,Jerico,Dos mil ,Tradicional,Lavado ,60,16.67,50,Filtrados ,180°/193°,8:19,,LFQ
23-2-24 ,15-080923,Aipe ,Maragogipe ,Lavado ,Lavado ,3,16.67,2.5,Filtrados ,170°/189°,8:34,,LFQ
23-2-24 ,01-220124,Jerico,Dos mil ,Tradicional,Lavado ,6,16.67,5,Filtrados ,180°/193°,8:58,,LFQ
23-2-24 ,02-220124,Jerico,Dos mil ,Natural ,Natural ,3,16.67,2.5,Filtrados ,175°/191°,8:14,,LFQ
23-2-24,18-221223,Rioblanco,Caturra ,Lavado ,Lavado ,3,20.00,2.4,Filtrados ,170°/190°,9:01,,LFQ
23-2-24,07-200224 ,Jerico,Dos mil ,Lavado ,Lavado ,3,20.00,2.4,Filtrados ,175°/191°,8:16,,LFQ
23-2-24,20-130224 ,Acevedo ,Bourbon Sidra ,Lavado ,Lavado ,10,18.00,8.2,Filtrados ,170°/190°,7:49,,LFQ
23-2-24,06-201023,Chaparral ,Pink Bourbon,Lavado ,Lavado ,6,16.67,5,Filtrados ,170°/190°,8:09,,LFQ
29-2-24 ,01-220124,Jerico,Dos mil ,Tradicional,Lavado ,6,16.67,5,Filtrados ,180°/193°,8:58,,LFQ
29-2-24 ,07-200224 ,Jerico,Dos mil ,Lavado ,Lavado ,3,20.00,2.4,Filtrados ,175°/191°,8:16,,LFQ
29-2-24,20-130224 ,Acevedo ,Bourbon Sidra ,Lavado ,Lavado ,4,15.00,3.4,Filtrados ,170°/190°,7:49,,LFQ
29-2-24,06-201023,Chaparral ,Pink Bourbon,Lavado ,Lavado ,15,20.00,12,Espresso,170°/190°,8:09,,LFQ
29-2-24,15-080923,Aipe ,Maragogipe ,Lavado ,Lavado ,3,16.67,2.5,Filtrados ,170°/189°,8:34,,LFQ
29-2-24,19-130224,Herrera ,Gesha ,Natural ,Natural ,4,15.00,3.4,Filtrados ,170°/190°,7:49,,LFQ
1-3-24,01-220124,Jerico,Dos mil ,Tradicional,Lavado ,66,16.67,55,Filtrados ,180°/193°,8:58,,LFQ
1-3-24,15-080923,Aipe ,Maragogipe ,Lavado ,Lavado ,3,16.67,2.5,Espresso,170°/189°,8:34,,LFQ
8-3-24,01-220124,Jerico,Dos mil ,Tradicional,Lavado ,40,15.00,34,Filtrados ,180°/193°,8:58,,LFQ
11-3-24,20-130224 ,Acevedo ,Bourbon Sidra ,Lavado ,Lavado ,3,20.00,2.4,Filtrados ,170°/190°,7:49,,LFQ
11-3-24,19-130224,Herrera ,Gesha ,Natural ,Natural ,3,20.00,2.4,Filtrados ,170°/190°,7:49,,LFQ
11-3-24,18-221223,Rioblanco,Caturra ,Lavado ,Lavado ,3,20.00,2.4,Filtrados ,170°/190°,9:01,,LFQ
22-3-24,02-220124,Jerico,Dos mil ,Natural ,Natural ,6,16.67,5,Filtrados ,175°/191°,8:14,,LFQ
22-3-24,01-220124,Jerico,Dos mil ,Tradicional,Lavado ,6,16.67,5,Filtrados ,180°/193°,8:58,,LFQ
22-3-24,20-130224 ,Acevedo ,Bourbon Sidra ,Lavado ,Lavado ,6,16.67,5,Filtrados ,170°/190°,7:49,,LFQ
22-3-24,06-201023,Chaparral ,Pink Bourbon,Lavado ,Lavado ,6,16.67,5,Espresso,170°/190°,8:09,,LFQ
22-3-24,15-080923,Aipe ,Maragogipe ,Lavado ,Lavado ,6,16.67,5,Filtrados ,170°/189°,8:34,,LFQ
22-3-24,19-130224,Herrera ,Gesha ,Natural ,Natural ,6,16.67,5,Filtrados ,170°/190°,7:49,,LFQ
22-3-24,18-221223,Rioblanco,Caturra ,Lavado ,Lavado ,3,20.00,2.4,Filtrados ,170°/190°,9:01,,LFQ
22-3-24,07-200224 ,Jerico,Dos mil ,Lavado ,Lavado ,6,16.67,5,Filtrados ,175°/191°,8:16,,LFQ
3-4-24,06-201023,Chaparral ,Pink Bourbon,Lavado ,Lavado ,6,16.67,5,Espresso,170°/190°,8:09,,LFQ
3-4-24,01-220124,Jerico,Dos mil ,Tradicional,Lavado ,48,16.67,40,Filtrados ,180°/193°,8:58,,LFQ
12-4-24,15-080923,Aipe ,Maragogipe ,Lavado ,Lavado ,2,15.00,1.7,Filtrados ,170°/189°,8:34,,LFQ
12-4-24,01-120424 ,Jerico,Dos mil ,Tradicional,Lavado ,66,16.67,55,Filtrados ,180°/193°,8:58,,LFQ
15-4-24 ,20-130224 ,Acevedo ,Bourbon Sidra ,Lavado ,Lavado ,3,20.00,2.4,Filtrados ,170°/190°,7:49,,LFQ
15-4-24 ,19-130224,Herrera ,Gesha ,Natural ,Natural ,3,20.00,2.4,Filtrados ,170°/190°,7:49,,LFQ
17-4-24,21-130224 ,Planadas ,Red Bourbon ,Honey ,Honey ,3,16.67,2.5,Filtrados ,175°/191°,8:03,,LFQ
17-4-24 ,18-221223,Rioblanco,Caturra ,Lavado ,Lavado ,3,20.00,2.4,Filtrados ,170°/190°,9:01,,LFQ
17-4-24,02-220124,Jerico,Dos mil ,Natural ,Natural ,6,16.67,5,Filtrados ,175°/191°,8:14,,LFQ
17-4-24,01-120424 ,Jerico,Dos mil ,Tradicional,Lavado ,3,16.67,2.5,Filtrados ,180°/193°,8:58,,LFQ
17-4-24,05-070424,Jerico,Dos mil ,Tradicional,Lavado ,3,16.67,2.5,Filtrados ,175°/191°,8:16,,LFQ
17-4-24,06-201023,Chaparral ,Pink Bourbon,Lavado ,Lavado ,6,16.67,5,Filtrados ,170°/190°,8:09,,LFQ
22-4-24,01-120424 ,Jerico,Dos mil ,Tradicional,Lavado ,96,16.67,80,Filtrados ,180°/193°,8:58,,LFQ
22-4-24,02-220124,Jerico,Dos mil ,Natural ,Natural ,42,16.67,35,Filtrados ,175°/191°,8:14,,LFQ
22-4-24,20-130224 ,Acevedo ,Bourbon Sidra ,Lavado ,Lavado ,3.6,16.67,3,Filtrados ,170°/190°,7:49,,LFQ
22-4-24,19-130224,Herrera ,Gesha ,Natural ,Natural ,3,16.67,2.5,Filtrados ,170°/190°,7:49,,LFQ
22-4-24,06-201023,Chaparral ,Pink Bourbon,Lavado ,Lavado ,12,16.67,10,Filtrados ,170°/190°,8:09,,LFQ
22-4-24,18-221223,Rioblanco,Caturra ,Lavado ,Lavado ,3,20.00,2.4,Filtrados ,170°/190°,9:01,,LFQ
3-5-24,06-201023,Chaparral ,Pink Bourbon,Lavado ,Lavado ,3,20.00,2.4,Filtrados ,170°/190°,8:09,,LFQ
3-5-24,01-120424 ,Jerico,Dos mil ,Tradicional,Lavado ,9,16.67,7.5,Filtrados ,180°/193°,8:58,,LFQ
3-5-24,02-220124,Jerico,Dos mil ,Natural ,Natural ,6,16.67,5,Filtrados ,175°/191°,8:14,,LFQ
6-5-24,01-120424 ,Jerico,Dos mil ,Tradicional,Lavado ,192,16.67,160,Filtrados ,180°/193°,8:58,,LFQ
6-5-24,02-220124,Jerico,Dos mil ,Natural ,Natural ,15,20.00,12,Filtrados ,175°/191°,8:14,,LFQ
6-5-24,21-130224 ,Planadas ,Red Bourbon ,Honey ,Honey ,3,16.67,2.5,Filtrados ,175°/191°,8:03,,LFQ
17-5-24 ,05-070424,Jerico,Dos mil ,Tradicional,Lavado ,6,16.67,5,Filtrados ,175°/191°,8:16,,LFQ
17-5-24 ,02-220124,Jerico,Dos mil ,Natural ,Natural ,3,16.67,2.5,Filtrados ,175°/191°,8:14,,LFQ
17-5-24,01-120424 ,Jerico,Dos mil ,Tradicional,Lavado ,66,16.67,55,Filtrados ,180°/193°,8:58,,LFQ
17-5-24,20-140524 ,Acevedo ,Bourbon Sidra ,Lavado ,Lavado ,3,16.67,2.5,Filtrados ,170°/190°,7:49,,LFQ
17-5-24,19-130224,Herrera ,Gesha ,Natural ,Natural ,3,16.67,2.5,Filtrados ,170°/190°,7:49,,LFQ
17-5-24,06-201023,Chaparral ,Pink Bourbon,Lavado ,Lavado ,6,16.67,5,Filtrados ,170°/190°,8:09,,LFQ
17-5-24,18-221223,Rioblanco,Caturra ,Lavado ,Lavado ,1.24,19.35,1,Filtrados ,170°/190°,9:01,,LFQ
17-5-24,21-130224 ,Planadas ,Red Bourbon ,Honey ,Honey ,1.24,19.35,1,Filtrados ,175°/191°,8:03,,LFQ
21-5-24,01-120424 ,Jerico,Dos mil ,Tradicional,Lavado ,51,16.67,42.5,Filtrados ,180°/193°,8:58,,LFQ
21-5-24 ,21-130224 ,Planadas ,Red Bourbon ,Honey ,Honey ,6,16.67,5,Filtrados ,175°/191°,8:03,,LFQ
21-5-24 ,05-070424,Jerico,Dos mil ,Tradicional,Lavado ,6,16.67,5,Filtrados ,175°/191°,8:16,,LFQ
21-5-24,20-140524 ,Acevedo ,Bourbon Sidra ,Lavado ,Lavado ,3,20.00,2.4,Filtrados ,170°/190°,7:49,,LFQ
21-5-24,19-130224,Herrera ,Gesha ,Natural ,Natural ,3,20.00,2.4,Filtrados ,170°/190°,7:49,,LFQ
29-5-24,02-220124,Jerico,Dos mil ,Natural ,Natural ,6,16.67,5,Filtrados ,175°/191°,8:14,,LFQ
29-5-24,01-120424 ,Jerico,Dos mil ,Tradicional,Lavado ,42,16.67,35,Filtrados ,180°/193°,8:58,,LFQ
29-5-24,21-130224 ,Planadas ,Red Bourbon ,Honey ,Honey ,9,16.67,7.5,Filtrados ,175°/191°,8:03,,LFQ
29-5-24,05-070424,Jerico,Dos mil ,Tradicional,Lavado ,3,16.67,2.5,Filtrados ,175°/191°,8:16,,LFQ
29-5-24,20-140524 ,Acevedo ,Bourbon Sidra ,Lavado ,Lavado ,3,20.00,2.4,Filtrados ,170°/190°,7:49,,LFQ
29-5-24,19-130224,Herrera ,Gesha ,Natural ,Natural ,3,20.00,2.4,Filtrados ,170°/190°,7:49,,LFQ
29-5-24,06-201023,Chaparral ,Pink Bourbon,Lavado ,Lavado ,12,16.67,10,Filtrados ,170°/190°,8:09,,LFQ
5-6-24,01-120424 ,Jerico,Dos mil ,Tradicional,Lavado ,57,16.67,47.5,Filtrados ,180°/193°,8:58,,LFQ
12-6-24,01-120424 ,Jerico,Dos mil ,Tradicional,Lavado ,156,16.67,130,Filtrados ,180°/193°,8:58,,LFQ
12-6-24,21-130224 ,Planadas ,Red Bourbon ,Honey ,Honey ,9,16.67,7.5,Filtrados ,170°/190°,8:09,,LFQ
12-6-24,05-070424,Jerico,Dos mil ,Tradicional,Lavado ,12,16.67,10,Filtrados ,170°/190°,9:01,,LFQ
12-6-24,02-220124,Jerico,Dos mil ,Natural ,Natural ,6,16.67,5,Filtrados ,175°/191°,8:03,,LFQ
18-6-24 ,01-120424 ,Jerico,Dos mil ,Tradicional,Lavado ,102,16.67,85,Filtrados ,180°/193°,8:58,,LFQ
18-6-24 ,21-130224 ,Planadas ,Red Bourbon ,Honey ,Honey ,3,16.67,2.5,Filtrados ,170°/190°,8:09,,LFQ
18-6-24,05-070424,Jerico,Dos mil ,Tradicional,Lavado ,3,16.67,2.5,Filtrados ,170°/190°,9:01,,LFQ
18-6-24,02-220124,Jerico,Dos mil ,Natural ,Natural ,3,16.67,2.5,Filtrados ,175°/191°,8:03,,LFQ
18-6-24,06-201023,Chaparral ,Pink Bourbon,Lavado ,Lavado ,12,16.67,10,Filtrados ,170°/190°,8:09,,LFQ
18-6-24,22-170624,Salento ,Caturron ,Natural ,Natural ,1.2,16.67,1,Filtrados ,175°/189°,8:01,,LFQ
20-6-24,20-140524 ,Acevedo ,Bourbon Sidra ,Lavado ,Lavado ,3.8,21.05,3,Filtrados ,170°/190°,7:49,,LFQ
20-6-24 ,22-170624,Salento ,Caturron ,Natural ,Natural ,2,15.00,1.7,Filtrados ,175°/189°,8:01,,LFQ
20-6-24,02-220124,Jerico,Dos mil ,Natural ,Natural ,6,16.67,5,Filtrados ,175°/191°,8:03,,LFQ
20-6-24,01-120424 ,Jerico,Dos mil ,Tradicional,Lavado ,30,16.67,25,Filtrados ,180°/193°,8:58,,LFQ
4-7-24,01-030724,Jerico,Dos mil ,Tradicional,Lavado ,66,16.67,55,Filtrados ,180°/193°,8:58,,LFQ
4-7-24,20-140524 ,Acevedo ,Bourbon Sidra ,Lavado ,Lavado ,8,18.75,6.5,Filtrados ,170°/190°,7:49,,LFQ
4-7-24,22-170624,Salento ,Caturron ,Natural ,Natural ,5.1,17.65,4.2,Filtrados ,175°/189°,8:01,,LFQ
4-7-24,21-130224 ,Planadas ,Red Bourbon ,Honey ,Honey ,6,16.67,5,Filtrados ,170°/190°,8:09,,LFQ
15-7-24 ,23-150724,Jerico,Dos mil ,Tradicional,Lavado ,6,16.67,5,Filtrados ,175°/191°,8:21,,LFQ
15-7-24 ,20-140524 ,Acevedo ,Bourbon Sidra ,Lavado ,Lavado ,3,16.67,2.5,Filtrados ,170°/190°,7:49,,LFQ
15-7-24,22-170624,Salento ,Caturron ,Natural ,Natural ,3,16.67,2.5,Filtrados ,175°/189°,8:01,,LFQ
15-7-24,02-220124,Jerico,Dos mil ,Natural ,Natural ,3,16.67,2.5,Filtrados ,175°/191°,8:03,,LFQ
15-7-24,01-120424 ,Jerico,Dos mil ,Tradicional,Lavado ,36,16.67,30,Filtrados ,180°/193°,8:58,,LFQ
15-7-24,08-140524,Jerico,Gesha ,Honey ,Honey ,2,15.00,1.7,Filtrado ,175°/191°,8:10,,LFQ 
15-7-24,21-130224 ,Planadas ,Red Bourbon ,Honey ,Honey ,3,16.67,2.5,Filtrados ,170°/190°,8:09,,LFQ
24-7-24,01-120424 ,Jerico,Dos mil ,Tradicional,Lavado ,42,16.67,35,Filtrados ,180°/193°,8:58,,LFQ
25-7-24,02-220124,Jerico,Dos mil ,Natural ,Natural ,6,16.67,5,Filtrados ,175°/191°,8:03,,LFQ
25-7-24,01-120424 ,Jerico,Dos mil ,Tradicional,Lavado ,6,16.67,5,Filtrados ,180°/193°,8:58,,LFQ
25-7-24,08-140524,Jerico,Gesha ,Honey ,Honey ,2,15.00,1.7,Filtrados ,175°/191°,8:10,,LFQ 
29-7-24,01-120424 ,Jerico,Dos mil ,Tradicional,Lavado ,30,16.67,25,Filtrados ,180°/193°,8:58,,LFQ
29-7-24 ,08-140524,Jerico,Gesha ,Honey ,Honey ,1.6,15.00,1.36,Filtrados ,175°/191°,8:10,,LFQ 
31-7-24,17-270724,Quimbaya ,Red Bourbon ,Tradicional,Lavado ,3.2,15.63,2.7,Filtrados ,170°/189°,8:01,,LFQ
1-8-24,01-120424 ,Jerico,Dos mil ,Tradicional,Lavado ,70,14.29,60,Filtrados ,180°/193°,8:58,,LFQ
1-8-24,08-140524,Jerico,Gesha ,Honey ,Honey ,3,16.67,2.5,Filtrados ,175°/191°,8:10,,LFQ 
1-8-24,17-270724,Quimbaya ,Red Bourbon ,Tradicional,Lavado ,3,16.67,2.5,Filtrados ,170°/189°,8:01,,LFQ
1-8-24,02-220124,Jerico,Dos mil ,Natural ,Natural ,3,16.67,2.5,Filtrados ,175°/191°,8:03,,LFQ
6-8-24,17-270724,Quimbaya ,Red Bourbon ,Tradicional,Lavado ,3,16.67,2.5,Filtrados ,170°/189°,8:01,,LFQ
6-8-24,01-120424 ,Jerico,Dos mil ,Tradicional,Lavado ,6,16.67,5,Filtrados ,180°/193°,8:58,,LFQ
6-8-24,08-140524,Jerico,Gesha ,Honey ,Honey ,3,16.67,2.5,Filtrados ,175°/191°,8:10,,LFQ 
6-8-24,22-170624,Salento ,Caturron ,Natural ,Natural ,3,16.67,2.5,Filtrados ,175°/189°,8:01,,LFQ
6-8-24,21-130224 ,Planadas ,Red Bourbon ,Honey ,Honey ,3,16.67,2.5,Filtrados ,170°/190°,8:09,,LFQ
6-8-24,23-150724,Jerico,Dos mil ,Tradicional,Lavado ,3,16.67,2.5,Filtrados ,175°/191°,8:21,,LFQ
13-8-24,02-220124,Jerico,Dos mil ,Natural ,Natural ,6,16.67,5,Filtrados ,175°/191°,8:03,,LFQ
13-8-24,17-270724,Quimbaya ,Red Bourbon ,Tradicional,Lavado ,3,16.67,2.5,Filtrados ,170°/189°,8:01,,LFQ
13-8-24,01-120424 ,Jerico,Dos mil ,Tradicional,Lavado ,54,16.67,45,Filtrados ,180°/193°,8:58,,LFQ
13-8-24,08-140524,Jerico,Gesha ,Honey ,Honey ,3,16.67,2.5,Filtrados ,175°/191°,8:10,,LFQ 
13-8-24,22-170624,Salento ,Caturron ,Natural ,Natural ,3,16.67,2.5,Filtrados ,175°/189°,8:01,,LFQ
13-8-24,21-130224 ,Planadas ,Red Bourbon ,Honey ,Honey ,3,16.67,2.5,Filtrados ,170°/190°,8:09,,LFQ
13-8-24,23-150724,Jerico,Dos mil ,Tradicional,Lavado ,3,16.67,2.5,Filtrados ,175°/191°,8:21,,LFQ
